[
    {
        "name": "Cool Pants",
        "ID": "product1",
        "price": 1000,
        "discountPrice": 600,
        "rating": 4,
        "new": true,
        "image": "img/product1.png"
    },
    {
        "name": "Loral Top",
        "ID": "product2",
        "price": 400,
        "discountPrice": 350,
        "rating": 4,
        "new": false,
        "image": "img/product2.png"
    },
    {
        "name": "Cream Top",
        "ID": "product3",
        "price": 5000,
        "discountPrice": 2000,
        "rating": 2,
        "new": false,
        "image": "img/product3.png"
    },
    {
        "name": "Trends Grey",
        "ID": "product4",
        "price": 600,
        "discountPrice": 500,
        "rating": 3,
        "new": true,
        "image": "img/product4.png"
    },
    {
        "name": "LOUIIS pants",
        "ID": "product5",
        "price": 3000,
        "discountPrice": 2000,
        "rating": 1,
        "new": false,
        "image": "img/product5.png"
    },
    {
        "name": "Lawman Silver Coat",
        "ID": "product6",
        "price": 5000,
        "discountPrice": 2000,
        "rating": 5,
        "new": true,
        "image": "img/product6.png"
    },
    {
        "name": "Green Pullover",
        "ID": "product7",
        "price": 700,
        "discountPrice": 300,
        "rating": 5,
        "new": true,
        "image": "img/product2.png"
    },
    {
        "name": "Dazing Pant",
        "ID": "product8",
        "price": 900,
        "discountPrice": 500,
        "rating": 4,
        "new": false,
        "image": "img/product1.png"
    },
    {
        "name": "Loral Pullover",
        "ID": "product9",
        "price": 3000,
        "discountPrice": 1500,
        "rating": 4,
        "new": true,
        "image": "img/product3.png"
    },
    {
        "name": "Aweson Wear",
        "ID": "product10",
        "price": 700,
        "discountPrice": 650,
        "rating": 1,
        "new": false,
        "image": "img/product4.png"
    },
    {
        "name": "Mens Coat",
        "ID": "product11",
        "price": 4000,
        "discountPrice": 2500,
        "rating": 3,
        "new": false,
        "image": "img/product6.png"
    },
    {
        "name": "Chinos",
        "ID": "product12",
        "price": 2000,
        "discountPrice": 999,
        "rating": 4,
        "new": true,
        "image": "img/product5.png"
    }
]